Subject,URL
"My First BGP-Hijacking Explanation
",https://mailman.nanog.org/pipermail/nanog/2021-April/213064.html
"ROV++: Improved Deployable Defense against BGP Hijacking
",https://mailman.nanog.org/pipermail/nanog/2021-January/211251.html
"Questions for Level3 & Choopa about their Enabling of IP Hijacking (RPKI Invalid)
",https://mailman.nanog.org/pipermail/nanog/2020-December/210786.html
"Telstra Hijack
",https://mailman.nanog.org/pipermail/nanog/2020-October/209922.html
"IP Route Hijacking Bad Actor: AS57129/RU-SERVERSGET-KRSK, RU/Optibit LLC
",https://mailman.nanog.org/pipermail/nanog/2019-August/102774.html
"Open Petition for ARIN-prop-266: BGP Hijacking is an ARIN Policy Violation (fwd)
",https://mailman.nanog.org/pipermail/nanog/2019-April/100642.html
"Open Petition for ARIN-prop-266: BGP Hijacking is an ARIN Policy Violation
",https://mailman.nanog.org/pipermail/nanog/2019-April/100671.html
"Regarding the ARIN Advisory Council and ARIN PDP (was: Re: Open Petition for ARIN-prop-266: BGP Hijacking is an ARIN Policy Violation)
",https://mailman.nanog.org/pipermail/nanog/2019-April/100697.html
"A Deep Dive on the Recent Widespread DNS Hijacking
",https://mailman.nanog.org/pipermail/nanog/2019-March/099816.html
"A Deep Dive on the Recent Widespread DNS Hijacking Attacks
",https://mailman.nanog.org/pipermail/nanog/2019-February/099719.html
"2FA, was A Deep Dive on the Recent Widespread DNS Hijacking
",https://mailman.nanog.org/pipermail/nanog/2019-February/099750.html
"DANE, was A Deep Dive on the Recent Widespread DNS Hijacking
",https://mailman.nanog.org/pipermail/nanog/2019-February/099763.html
"a detour DANE, was A Deep Dive on the Recent Widespread DNS Hijacking
",https://mailman.nanog.org/pipermail/nanog/2019-February/099789.html
"DNS Hijacking? - FiOS Northeast
",https://mailman.nanog.org/pipermail/nanog/2019-January/098788.html
